id,title,description,image_link,link,product_type,brand,price,availability,item_group_id,checkout_url,additional_image_link,sale_price_effective_date,sale_price,condition,visibility,gender,color,size,pattern,google_product_category,default_product,variant
wc_post_id_2419,"Bear Character","Bear Character",https://balloonsd.com/wp-content/uploads/2020/12/unnamed.jpg,https://balloonsd.com/product/bear-character/,"Characters","Balloon Stories",60USD,in stock,wc_post_id_2419,,,1970-01-29T00:00+00:00/1970-01-30T23:59+00:00,60USD,new,published,,,,,,,
wc_post_id_2414,"12' Polka Dot Balloon Assortment","12' Polka Dot Balloon Assortment",https://balloonsd.com/wp-content/uploads/2020/12/Capture-3.jpg,https://balloonsd.com/product/18-polka-dot-balloon-assortment/,"Latex Balloons","Balloon Stories",7USD,in stock,wc_post_id_2414,,,1970-01-29T00:00+00:00/1970-01-30T23:59+00:00,7USD,new,published,,,,,,,
wc_post_id_2411,"18' Moon Shape Balloon","18' Moon Shape Balloon",https://balloonsd.com/wp-content/uploads/2020/12/Capture-2.jpg,https://balloonsd.com/product/18-moon-shape-balloon/,"Shapes","Balloon Stories",7USD,in stock,wc_post_id_2411,,,1970-01-29T00:00+00:00/1970-01-30T23:59+00:00,7USD,new,published,,,,,,,
wc_post_id_2408,"12' Heart Shape Balloon Assortment","12' Heart Shape Balloon Assortment",https://balloonsd.com/wp-content/uploads/2020/12/product-Gelievoe-serdtse-10-d_bd2f98b794f54c648814f9b41b310592.jpg,https://balloonsd.com/product/12-heart-shape-balloon-assortment/,"Latex Balloons","Balloon Stories",7USD,in stock,wc_post_id_2408,,,1970-01-29T00:00+00:00/1970-01-30T23:59+00:00,7USD,new,published,,,,,,,
wc_post_id_2405,"12' Happy Birthday Balloon Assortment","12' Happy Birthday Balloon Assortment",https://balloonsd.com/wp-content/uploads/2020/12/81sQj1U37BL._AC_UL320_.jpg,https://balloonsd.com/product/12-happy-birthday-balloon-assortment/,"Latex Balloons","Balloon Stories",7USD,in stock,wc_post_id_2405,,,1970-01-29T00:00+00:00/1970-01-30T23:59+00:00,7USD,new,published,,,,,,,
wc_post_id_2372,"12' Frozen Balloon Assortment","12' Frozen Balloon Assortment",https://balloonsd.com/wp-content/uploads/2020/12/61B9G0q5OLL._AC_UL320_.jpg,https://balloonsd.com/product/12-frozen-balloon-assortment/,"Latex Balloons","Balloon Stories",7USD,in stock,wc_post_id_2372,,,1970-01-29T00:00+00:00/1970-01-30T23:59+00:00,7USD,new,published,,,,,,,
wc_post_id_2370,"12' Polka Dot Balloon Assortment","12' Polka Dot Balloon Assortment",https://balloonsd.com/wp-content/uploads/2020/12/Capture.jpg,https://balloonsd.com/product/12-polka-dot-balloon-assortment/,"Latex Balloons","Balloon Stories",7USD,in stock,wc_post_id_2370,,,1970-01-29T00:00+00:00/1970-01-30T23:59+00:00,7USD,new,published,,,,,,,
wc_post_id_2365,"12' Pastel Balloon Assortment","12' Pastel Balloon Assortment",https://balloonsd.com/wp-content/uploads/2020/12/42242_star_wars_mandalorian_the_child_front-3.jpg,https://balloonsd.com/product/12-pastel-balloon-assortment/,"Latex Balloons","Balloon Stories",5USD,in stock,wc_post_id_2365,,,1970-01-29T00:00+00:00/1970-01-30T23:59+00:00,5USD,new,published,,,,,,,
wc_post_id_2361,"12' Neon Balloon Assortment","12' Neon Balloon Assortment",https://balloonsd.com/wp-content/uploads/2020/12/42242_star_wars_mandalorian_the_child_front-2.jpg,https://balloonsd.com/product/12-neon-balloon-assortment/,"Latex Balloons","Balloon Stories",5USD,in stock,wc_post_id_2361,,,1970-01-29T00:00+00:00/1970-01-30T23:59+00:00,5USD,new,published,,,,,,,
wc_post_id_2351,"12' Metallic Balloon Assortment","'",https://balloonsd.com/wp-content/uploads/2020/12/42242_star_wars_mandalorian_the_child_front-1.jpg,https://balloonsd.com/product/12-metallic-balloon-assortment/,"Latex Balloons","Balloon Stories",0USD,in stock,wc_post_id_2351,,,1970-01-29T00:00+00:00/1970-01-30T23:59+00:00,0USD,new,published,,,,,,,
wc_post_id_2336,"58' Trolls Poppy Airwalker Balloon","58' Trolls Poppy Airwalker Balloon",https://balloonsd.com/wp-content/uploads/2020/12/product-Khodyachaya-figura-Baks-Banni_b395e8b39b6dfa7cdfa569c96057de16-1.jpg,https://balloonsd.com/product/58-trolls-poppy-airwalker-balloon/,"Airwalkers","Balloon Stories",60USD,in stock,wc_post_id_2336,,,1970-01-29T00:00+00:00/1970-01-30T23:59+00:00,60USD,new,published,,,,,,,
wc_post_id_2333,"44' Batman Airwalker Balloon","44' Batman Airwalker Balloon",https://balloonsd.com/wp-content/uploads/2020/12/product-Khodyachaya-figura-quot-Vinni-Pukh-quot-_f26fd6328448475475ec4fdfdeb6dab5.jpg,https://balloonsd.com/product/44-batman-airwalker-balloon/,"Airwalkers","Balloon Stories",60USD,in stock,wc_post_id_2333,,,1970-01-29T00:00+00:00/1970-01-30T23:59+00:00,60USD,new,published,,,,,,,
wc_post_id_2331,"29' My Little Pony Airwalker Balloon","29' My Little Pony Airwalker Balloon",https://balloonsd.com/wp-content/uploads/2020/12/product-Khodyachaya-figura-quot-Luntik-quot-_a7b16261073a3e0e416c5afe7e4e9177-1.jpg,https://balloonsd.com/product/29-my-little-pony-airwalker-balloon/,"Airwalkers","Balloon Stories",40USD,in stock,wc_post_id_2331,,,1970-01-29T00:00+00:00/1970-01-30T23:59+00:00,40USD,new,published,,,,,,,
wc_post_id_2329,"47' Bumble Bee Airwalker Balloon","47' Bumble Bee Airwalker Balloon",https://balloonsd.com/wp-content/uploads/2020/12/product-Khodyachaya-figura-quot-Luntik-quot-_a7b16261073a3e0e416c5afe7e4e9177.jpg,https://balloonsd.com/product/47-bumble-bee-airwalker-balloon/,"Airwalkers","Balloon Stories",60USD,in stock,wc_post_id_2329,,,1970-01-29T00:00+00:00/1970-01-30T23:59+00:00,60USD,new,published,,,,,,,
wc_post_id_2327,"Bunny Balloon Character","Bunny Balloon Character",https://balloonsd.com/wp-content/uploads/2020/12/zajchik-iz-sharov.800x800.jpg,https://balloonsd.com/product/bunny-balloon-character/,"Characters","Balloon Stories",60USD,in stock,wc_post_id_2327,,,1970-01-29T00:00+00:00/1970-01-30T23:59+00:00,60USD,new,published,,,,,,,
wc_post_id_2323,"Hedgehog Balloon Character","Hedgehog Balloon Character",https://balloonsd.com/wp-content/uploads/2020/12/ezhik-malchik-s-serdtsem.800x800.jpg,https://balloonsd.com/product/hedgehog-balloon-character/,"Characters","Balloon Stories",60USD,in stock,wc_post_id_2323,,,1970-01-29T00:00+00:00/1970-01-30T23:59+00:00,60USD,new,published,,,,,,,
wc_post_id_2321,"12' Latex Confetti Balloons","12' Latex Confetti Balloons",https://balloonsd.com/wp-content/uploads/2020/12/100pcs-gold-confetti-balloons-12-inches-party.jpg,https://balloonsd.com/product/12-latex-confetti-balloons/,"Latex Balloons","Balloon Stories",7USD,in stock,wc_post_id_2321,,,1970-01-29T00:00+00:00/1970-01-30T23:59+00:00,7USD,new,published,,,,,,,
wc_post_id_2319,"12' Latex Agate Balloons","12' Latex Agate Balloons",https://balloonsd.com/wp-content/uploads/2020/12/749.200@2x.jpg,https://balloonsd.com/product/12-latex-agate-balloons/,"Latex Balloons","Balloon Stories",7USD,in stock,wc_post_id_2319,,,1970-01-29T00:00+00:00/1970-01-30T23:59+00:00,7USD,new,published,,,,,,,
wc_post_id_2316,"Unicorn Foil Balloon","Unicorn Foil Balloon",https://balloonsd.com/wp-content/uploads/2020/12/edinorog-roz-min.jpg,https://balloonsd.com/product/unicorn-foil-balloon/,"Foil Balloons","Balloon Stories",30USD,in stock,wc_post_id_2316,,,1970-01-29T00:00+00:00/1970-01-30T23:59+00:00,30USD,new,published,,,,,,,
wc_post_id_2314,"36' Donut Numbers","36' Donut Numbers",https://balloonsd.com/wp-content/uploads/2020/12/10-piece-donut-balloon-36-inch-us-version.jpg,https://balloonsd.com/product/36-donut-numbers/,"Numbers &amp; Letters","Balloon Stories",30USD,in stock,wc_post_id_2314,,,1970-01-29T00:00+00:00/1970-01-30T23:59+00:00,30USD,new,published,,,,,,,
wc_post_id_2311,"22' Sphere Balloon","22' Sphere Balloon",https://balloonsd.com/wp-content/uploads/2020/12/20pcs-rose-gold-silver-4d-large-round-sphere.jpg,https://balloonsd.com/product/22-sphere-balloon/,"Shapes","Balloon Stories",40USD,in stock,wc_post_id_2311,,,1970-01-29T00:00+00:00/1970-01-30T23:59+00:00,40USD,new,published,,,,,,,
wc_post_id_2309,"18' Agate Balloon","18' Agate Balloon",https://balloonsd.com/wp-content/uploads/2020/12/50pcs-18-inch-agate-five-pointed-star-balloon.jpg,https://balloonsd.com/product/18-agate-balloon/,"Shapes","Balloon Stories",0USD,in stock,wc_post_id_2309,,,1970-01-29T00:00+00:00/1970-01-30T23:59+00:00,0USD,new,published,,,,,,,
2307_2307,"Christmas balloon circle arch with artificial flowers and assorted balloons","The balloon arch includes: 
 
  Artificial flowers (6pcs.) 
  Organic Latex balloon arch ~7' diameter",https://balloonsd.com/wp-content/uploads/2020/12/p82.jpeg,https://balloonsd.com/product/christmas-balloon-circle-arch-with-artificial-flowers-and-assorted-balloons/,"Arches &amp; Garlands, Indoor, Outdoor","Balloon Stories",350USD,in stock,2307_2307,,,1970-01-29T00:00+00:00/1970-01-30T23:59+00:00,350USD,new,published,,,,,,,
wc_post_id_2305,"18' Candy Shape Balloon","18' Candy Shape Balloon",https://balloonsd.com/wp-content/uploads/2020/12/pinwheel-balloon-18inch-candy-lollipop-foil.jpg,https://balloonsd.com/product/18-candy-shape-balloon/,"Shapes","Balloon Stories",7USD,in stock,wc_post_id_2305,,,1970-01-29T00:00+00:00/1970-01-30T23:59+00:00,7USD,new,published,,,,,,,
wc_post_id_2303,"26' Star Shape Balloon","26' Star Shape Balloon",https://balloonsd.com/wp-content/uploads/2020/12/wholesale-26-inch-star-shape-balloons-50pcs.jpg,https://balloonsd.com/product/26-star-shape-balloon/,"Shapes","Balloon Stories",0USD,in stock,wc_post_id_2303,,,1970-01-29T00:00+00:00/1970-01-30T23:59+00:00,0USD,new,published,,,,,,,
wc_post_id_2301,"18' Tail Shape Balloon","18' Tail Shape Balloon",https://balloonsd.com/wp-content/uploads/2020/12/24-inch-s-shaped-foil-balloon-diy-tail-inflatable.jpg,https://balloonsd.com/product/18-tail-shape-balloon/,"Shapes","Balloon Stories",7USD,in stock,wc_post_id_2301,,,1970-01-29T00:00+00:00/1970-01-30T23:59+00:00,7USD,new,published,,,,,,,
wc_post_id_2296,"36' Round Shape Balloon","36' Round Shape Balloon",https://balloonsd.com/wp-content/uploads/2020/12/36inch-large-size-hook-heart-shaped-foil.jpg,https://balloonsd.com/product/36-round-shape-balloon/,"Shapes","Balloon Stories",7USD,in stock,wc_post_id_2296,,,1970-01-29T00:00+00:00/1970-01-30T23:59+00:00,7USD,new,published,,,,,,,
2298_2298,"Christmas balloons decor with foil Candy canes, assorted latex balloons and foil Star Bursh","The balloon decor includes: 
 
  Foil Cubes (2 pcs.) 24' 
  Foil Candy Canes (5pcs.) 18' 
  Foil Spheres (4pcs.) 24' 
  Foil balloons (3pcs.) 18' 
  Foil Star bursh (1pcs.) 27' 
  Foil Star bursh (1pcs.) 39' 
  Organic Latex balloon decor ~8' lenght",https://balloonsd.com/wp-content/uploads/2020/12/p83.jpeg,https://balloonsd.com/product/christmas-balloons-decor-with-foil-candy-canes-assorted-latex-balloons-and-foil-star-bursh/,"Arches &amp; Garlands, Indoor, Outdoor","Balloon Stories",370USD,in stock,2298_2298,,,1970-01-29T00:00+00:00/1970-01-30T23:59+00:00,370USD,new,published,,,,,,,
wc_post_id_2292,"18' Heart Shape Balloon","18' Heart Shape Balloon",https://balloonsd.com/wp-content/uploads/2020/12/wholesale-18-inch-heart-shape-balloons-50pcs.jpg,https://balloonsd.com/product/18-heart-shape-balloon/,"Shapes","Balloon Stories",7USD,in stock,wc_post_id_2292,,,1970-01-29T00:00+00:00/1970-01-30T23:59+00:00,7USD,new,published,,,,,,,
2294_2294,"Christmas balloons arch with foil Christmas tree toys, assorted latex balloons and foil Cubes","The balloon arch includes: 
 
  Foil Cubes (3 pcs.) 24' 
  Foil Christmas tree toys (2pcs.) 24' 
  Organic Latex balloon arch ~14' lenght",https://balloonsd.com/wp-content/uploads/2020/12/p84.jpeg,https://balloonsd.com/product/christmas-balloons-arch-with-foil-christmas-tree-toys-assorted-latex-balloons-and-foil-cubes/,"Arches &amp; Garlands","Balloon Stories",290USD,in stock,2294_2294,,"https://balloonsd.com/wp-content/uploads/2020/12/WhatsApp-Image-2020-12-13-at-7.23.05-PM-3.jpeg",1970-01-29T00:00+00:00/1970-01-30T23:59+00:00,290USD,new,published,,,,,,,
wc_post_id_2287,"18' Star Shape Balloon","18' Star Shape Balloon",https://balloonsd.com/wp-content/uploads/2020/12/wholesale-50pcs-lot-multicolor-18-inch-star.jpg,https://balloonsd.com/product/18-star-shape-balloon/,"Shapes","Balloon Stories",7USD,in stock,wc_post_id_2287,,,1970-01-29T00:00+00:00/1970-01-30T23:59+00:00,7USD,new,published,,,,,,,
2289_2289,"Christmas balloons arch with foil Candy canes","The balloon arch includes: 
 
  Foil Candy Canes (5pcs.) 18' 
  Organic Latex balloon arch ~12' lenght",https://balloonsd.com/wp-content/uploads/2020/12/p85.jpeg,https://balloonsd.com/product/christmas-balloons-arch-with-foil-candy-canes/,"Arches &amp; Garlands","Balloon Stories",260USD,in stock,2289_2289,,"https://balloonsd.com/wp-content/uploads/2020/12/WhatsApp-Image-2020-12-13-at-7.23.05-PM-4.jpeg",1970-01-29T00:00+00:00/1970-01-30T23:59+00:00,260USD,new,published,,,,,,,
2286_2286,"Christmas balloons arches with foil Spheres, assorted latex balloons and foil Candy cane","The balloon arch includes: 
 
  Foil Spheres (6 pcs.) 24' 
  Foil Candy (6pcs.) 18' 
  Foil Candy Canes (2pcs.) 34' 
  Organic Latex balloon arch  (2pcs.)~10' lenght",https://balloonsd.com/wp-content/uploads/2020/12/p86.jpeg,https://balloonsd.com/product/christmas-balloons-arches-with-foil-spheres-assorted-latex-balloons-and-foil-candy-cane/,"Arches &amp; Garlands","Balloon Stories",410USD,in stock,2286_2286,,"https://balloonsd.com/wp-content/uploads/2020/12/WhatsApp-Image-2020-12-13-at-7.23.05-PM-5.jpeg",1970-01-29T00:00+00:00/1970-01-30T23:59+00:00,410USD,new,published,,,,,,,
2285_2285,"Christmas balloons decor with foil Christmas tree, assorted latex balloons and foil Candy cane","The balloon decor includes: 
 
  Foil Christmas tree ( pcs.) 34' 
  Foil Candy Canes (2pcs.) 28' 
  Foil balloons (3pcs.) 18' 
  Organic Latex balloon decor ~3' lenght",https://balloonsd.com/wp-content/uploads/2020/12/p87.jpeg,https://balloonsd.com/product/christmas-balloons-decor-with-foil-christmas-tree-assorted-latex-balloons-and-foil-candy-cane/,"Bouquet Sets, Indoor, Outdoor","Balloon Stories",130USD,in stock,2285_2285,,,1970-01-29T00:00+00:00/1970-01-30T23:59+00:00,130USD,new,published,,,,,,,
2238_2283,"Christmas Bouquet with, helium latex balloons, foil Stars, Candy cane and Gingerbread man","The balloon bouquet includes: 
 
  Helium foil Stars (3pcs.) 18″ 
  Helium Latex balloons (4pcs.) 11″ 
  Helium foil Gingerbread Man (1 pcs.) 31' 
  Helium foil Candy (2 pcs.) 18' 
  Helium foil Candy cane (1 pcs.) 40'",https://balloonsd.com/wp-content/uploads/2020/12/p88.jpeg,https://balloonsd.com/product/christmas-bouquet-with-helium-latex-balloons-foil-stars-candy-cane-and-gingerbread-man/,"Bouquet Sets","Balloon Stories",170USD,in stock,2238_2283,,,1970-01-29T00:00+00:00/1970-01-30T23:59+00:00,170USD,new,published,,,,,,,
2281_2281,"Christmas balloons arch with foil Stars, Moon and Stars","The balloon arch includes: 
 
  Foil balloons (9 pcs.) 18' 
  Foil Cube (3pcs.) 10' 
  Foil Spheres  (3 pcs.) 22' 
  Foil Candies  (4pcs.) 10' 
  Foil Star Shape (3 pcs.) 
  Foil Mylar moon (1pcs.)",https://balloonsd.com/wp-content/uploads/2020/12/p81.jpeg,https://balloonsd.com/product/christmas-balloons-arch-with-foil-stars-moon-and-stars/,"Arches &amp; Garlands, Indoor, Outdoor","Balloon Stories",250USD,in stock,2281_2281,,,1970-01-29T00:00+00:00/1970-01-30T23:59+00:00,250USD,new,published,,,,,,,
2280_2280,"Christmas balloons arch with foil Stars, assorted latex balloons and foil Snowflakes","The balloon arch includes: 
 
  Foil Stars (4 pcs.) 18' 
  Foil Snowflakes (5pcs.) 10' 
  Foil Snowflakes  (2 pcs.) 22' 
  Foil Candy Canes (3pcs.) 28' 
  Organic Latex balloon arch ~17' lenght",https://balloonsd.com/wp-content/uploads/2020/12/p89.jpeg,https://balloonsd.com/product/christmas-balloons-arch-with-foil-stars-assorted-latex-balloons-and-foil-snowflakes/,"Arches &amp; Garlands, Indoor, Outdoor","Balloon Stories",400USD,in stock,2280_2280,,"https://balloonsd.com/wp-content/uploads/2020/12/WhatsApp-Image-2020-12-13-at-7.35.10-PM.jpeg",1970-01-29T00:00+00:00/1970-01-30T23:59+00:00,400USD,new,published,,,,,,,
2279_2279,"Christmas Bouquet with helium foil Nutcracker, Candies and Christmas tree toys","The balloon bouquet includes: 
 
  Helium foil Christmas toys (1 pcs.) 18' 
  Helium foil Christmas toys (1 pcs.) 16' 
  Helium foil Candy  (2 pcs.) 18' 
  Helium foil Candy cane (1 pcs.) 40' 
  Helium foil Nutcracker (1 pcs.) 61' 
  Helium foil cube (1pcs.) 22'",https://balloonsd.com/wp-content/uploads/2020/12/p90.jpeg,https://balloonsd.com/product/christmas-bouquet-with-helium-foil-nutcracker-candies-and-christmas-tree-toys/,"Bouquet Sets","Balloon Stories",170USD,in stock,2279_2279,,,1970-01-29T00:00+00:00/1970-01-30T23:59+00:00,170USD,new,published,,,,,,,
wc_post_id_2252,"Numbers","Numbers",https://balloonsd.com/wp-content/uploads/2020/12/Giant-Number-Balloon-Pink.jpg,https://balloonsd.com/product/numbers-9/,"Numbers &amp; Letters","Balloon Stories",30USD,in stock,wc_post_id_2252,,,1970-01-29T00:00+00:00/1970-01-30T23:59+00:00,30USD,new,published,,,,,,,
wc_post_id_2250,"Numbers","Numbers",https://balloonsd.com/wp-content/uploads/2020/12/Screen_Shot_2017-09-18_at_3.17.12_PM_grande.png,https://balloonsd.com/product/numbers-8/,"Numbers &amp; Letters","Balloon Stories",30USD,in stock,wc_post_id_2250,,,1970-01-29T00:00+00:00/1970-01-30T23:59+00:00,30USD,new,published,,,,,,,
wc_post_id_2247,"Foil Alphabet letters","Foil Alphabet letters",https://balloonsd.com/wp-content/uploads/2020/12/Mylar-Balloon-Letters-Gold-Silver-600x600-1.jpg,https://balloonsd.com/product/foil-alphabet-letters/,"Numbers &amp; Letters","Balloon Stories",30USD,in stock,wc_post_id_2247,,,1970-01-29T00:00+00:00/1970-01-30T23:59+00:00,30USD,new,published,,,,,,,
wc_post_id_2245,"Foil Bride Letter","Foil Bride Letter",https://balloonsd.com/wp-content/uploads/2020/12/il_794xN.1850552607_9v95.jpg,https://balloonsd.com/product/foil-bride-letter/,"Numbers &amp; Letters","Balloon Stories",30USD,in stock,wc_post_id_2245,,,1970-01-29T00:00+00:00/1970-01-30T23:59+00:00,30USD,new,published,,,,,,,
wc_post_id_2242,"Foil Birthday Letter","Foil Birthday Letter",https://balloonsd.com/wp-content/uploads/2020/12/Happy-Birthday-Balloons-Banner-Balloon-Bunting-Party-Decoration.jpg,https://balloonsd.com/product/foil-birthday-letter/,"Numbers &amp; Letters","Balloon Stories",30USD,in stock,wc_post_id_2242,,,1970-01-29T00:00+00:00/1970-01-30T23:59+00:00,30USD,new,published,,,,,,,
wc_post_id_2240,"Foil Proposal Letter","Foil Proposal Letter",https://balloonsd.com/wp-content/uploads/2020/12/614xUy6zz3L._AC_SL1000_.jpg,https://balloonsd.com/product/foil-proposal-letter/,"Numbers &amp; Letters","Balloon Stories",30USD,in stock,wc_post_id_2240,,,1970-01-29T00:00+00:00/1970-01-30T23:59+00:00,30USD,new,published,,,,,,,
wc_post_id_2238,"Foil Love Letter","Foil Love Letter",https://balloonsd.com/wp-content/uploads/2020/12/51vlC6OzYdL.jpg,https://balloonsd.com/product/foil-love-letter/,"Numbers &amp; Letters","Balloon Stories",30USD,in stock,wc_post_id_2238,,,1970-01-29T00:00+00:00/1970-01-30T23:59+00:00,30USD,new,published,,,,,,,
wc_post_id_2236,"Numbers","Numbers",https://balloonsd.com/wp-content/uploads/2020/12/c9778607-4f3b-4260-98f3-47380c75c24e.281c851a946f2c3829dd78147763e478.jpeg,https://balloonsd.com/product/numbers-7/,"Numbers &amp; Letters","Balloon Stories",30USD,in stock,wc_post_id_2236,,,1970-01-29T00:00+00:00/1970-01-30T23:59+00:00,30USD,new,published,,,,,,,
wc_post_id_2233,"Numbers","Numbers",https://balloonsd.com/wp-content/uploads/2020/12/32inch-Gold-Number-Foil-Balloons-Digit-air-Ballons-Happy-Birthday-Wedding-Decoration-Letter-balloon-Event-Party.jpg,https://balloonsd.com/product/numbers-6/,"Numbers &amp; Letters","Balloon Stories",30USD,in stock,wc_post_id_2233,,,1970-01-29T00:00+00:00/1970-01-30T23:59+00:00,30USD,new,published,,,,,,,
wc_post_id_2231,"Numbers","Numbers",https://balloonsd.com/wp-content/uploads/2020/12/40-Inch-Big-Foil-Birthday-Balloons-Air-Helium-Number-Balloon-Figures-Happy-Birthday-Party-Decorations-Kid.jpg,https://balloonsd.com/product/numbers-5/,"Numbers &amp; Letters","Balloon Stories",30USD,in stock,wc_post_id_2231,,,1970-01-29T00:00+00:00/1970-01-30T23:59+00:00,30USD,new,published,,,,,,,
wc_post_id_2229,"Numbers","Numbers",https://balloonsd.com/wp-content/uploads/2020/12/il_fullxfull.1932303034_1yao_1024x1024@2x.jpg,https://balloonsd.com/product/numbers-4/,"Numbers &amp; Letters","Balloon Stories",30USD,in stock,wc_post_id_2229,,,1970-01-29T00:00+00:00/1970-01-30T23:59+00:00,30USD,new,published,,,,,,,
wc_post_id_2227,"Numbers","Numbers",https://balloonsd.com/wp-content/uploads/2020/12/number-silver-jumbo-balloons.jpg,https://balloonsd.com/product/numbers-3/,"Numbers &amp; Letters","Balloon Stories",30USD,in stock,wc_post_id_2227,,,1970-01-29T00:00+00:00/1970-01-30T23:59+00:00,30USD,new,published,,,,,,,
wc_post_id_2224,"Panda Foil Balloon","Panda Foil Balloon",https://balloonsd.com/wp-content/uploads/2020/12/shar-panda-min-1.jpg,https://balloonsd.com/product/panda-foil-balloon/,"Foil Balloons","Balloon Stories",30USD,in stock,wc_post_id_2224,,,1970-01-29T00:00+00:00/1970-01-30T23:59+00:00,30USD,new,published,,,,,,,
wc_post_id_2222,"Champagne Foil Balloon","Champagne Foil Balloon",https://balloonsd.com/wp-content/uploads/2020/12/Shar-shaampanskoe-min-300x300-1.jpg,https://balloonsd.com/product/champagne-foil-balloon/,"Foil Balloons","Balloon Stories",30USD,in stock,wc_post_id_2222,,,1970-01-29T00:00+00:00/1970-01-30T23:59+00:00,30USD,new,published,,,,,,,
wc_post_id_2220,"Whiskey Foil balloon","Whiskey Foil balloon",https://balloonsd.com/wp-content/uploads/2020/12/shar-viski-min.jpg,https://balloonsd.com/product/whiskey-foil-balloon/,"Foil Balloons","Balloon Stories",20USD,in stock,wc_post_id_2220,,,1970-01-29T00:00+00:00/1970-01-30T23:59+00:00,20USD,new,published,,,,,,,
wc_post_id_2218,"Dragon Foil Balloon","Dragon Foil Balloon",https://balloonsd.com/wp-content/uploads/2020/12/Shar-bezzubik-min-300x300-1.jpg,https://balloonsd.com/product/dragon-foil-balloon/,"Foil Balloons","Balloon Stories",40USD,in stock,wc_post_id_2218,,,1970-01-29T00:00+00:00/1970-01-30T23:59+00:00,40USD,new,published,,,,,,,
wc_post_id_2216,"Crown Foil Balloon","Crown Foil Balloon",https://balloonsd.com/wp-content/uploads/2020/12/korona-zoloto-shar-min.jpg,https://balloonsd.com/product/crown-foil-balloon/,"Foil Balloons","Balloon Stories",40USD,in stock,wc_post_id_2216,,,1970-01-29T00:00+00:00/1970-01-30T23:59+00:00,40USD,new,published,,,,,,,
wc_post_id_2214,"Musical Note Foil Balloon","Musical Note Foil Balloon",https://balloonsd.com/wp-content/uploads/2020/12/d99d352efbf77753c660d8e565f9a375.jpg,https://balloonsd.com/product/musical-note-foil-balloon/,"Foil Balloons","Balloon Stories",40USD,in stock,wc_post_id_2214,,,1970-01-29T00:00+00:00/1970-01-30T23:59+00:00,40USD,new,published,,,,,,,
wc_post_id_2211,"18' Bubble Happy Birthday Balloon","18' Bubble Happy Birthday Balloon",https://balloonsd.com/wp-content/uploads/2020/12/product-Gelieviy-shar-bubble-deco-18d.-s-peryami-nadpisyu-s-dnem-rozhdeniya-lyubimaya-_1912cac4ebc5ba59f218e76968c8d992.jpg,https://balloonsd.com/product/18-bubble-happy-birthday-balloon/,"Latex Balloons","Balloon Stories",49USD,in stock,wc_post_id_2211,,,1970-01-29T00:00+00:00/1970-01-30T23:59+00:00,49USD,new,published,,,,,,,
wc_post_id_2209,"Numbers","Numbers",https://balloonsd.com/wp-content/uploads/2020/12/rBVa4V_TXXWAG9FxAAEF7YV46p8472.jpg,https://balloonsd.com/product/numbers-2/,"Numbers &amp; Letters","Balloon Stories",0USD,in stock,wc_post_id_2209,,,1970-01-29T00:00+00:00/1970-01-30T23:59+00:00,0USD,new,published,,,,,,,
wc_post_id_2207,"Numbers","Numbers",https://balloonsd.com/wp-content/uploads/2020/12/rBVa4V_TW1WASy-pAAEOJzQvUZE927.jpg,https://balloonsd.com/product/numbers/,"Numbers &amp; Letters","Balloon Stories",29USD,in stock,wc_post_id_2207,,,1970-01-29T00:00+00:00/1970-01-30T23:59+00:00,29USD,new,published,,,,,,,
wc_post_id_2195,"36' Giant Football Foil Balloon","36' Giant Football Foil Balloon",https://balloonsd.com/wp-content/uploads/2020/12/bolshoj.800x800-2.jpg,https://balloonsd.com/product/36-giant-football-foil-balloon/,"Foil Balloons","Balloon Stories",80USD,in stock,wc_post_id_2195,,,1970-01-29T00:00+00:00/1970-01-30T23:59+00:00,80USD,new,published,,,,,,,
wc_post_id_2193,"36' Giant Black Cat Latex Balloon","36' Giant Black Cat Latex Balloon",https://balloonsd.com/wp-content/uploads/2020/12/metrovyy_shar_kot-1.800x800.jpg,https://balloonsd.com/product/36-giant-black-cat-latex-balloon/,"Latex Balloons","Balloon Stories",80USD,in stock,wc_post_id_2193,,,1970-01-29T00:00+00:00/1970-01-30T23:59+00:00,80USD,new,published,,,,,,,
wc_post_id_2191,"36' Giant Unicorn Latex Balloon","36' Giant Unicorn Latex Balloon",https://balloonsd.com/wp-content/uploads/2020/12/olimpijskij-shar-edinorog-s-kistochkoj.800x800.jpg,https://balloonsd.com/product/36-giant-unicorn-latex-balloon/,"Latex Balloons","Balloon Stories",80USD,in stock,wc_post_id_2191,,,1970-01-29T00:00+00:00/1970-01-30T23:59+00:00,80USD,new,published,,,,,,,
wc_post_id_2189,"Bunny Balloon Character  with bouquet","Bunny Balloon Character  with bouquet",https://balloonsd.com/wp-content/uploads/2020/12/zayka_s_buketom.800x800.jpg,https://balloonsd.com/product/bunny-balloon-character-with-bouquet/,"Characters","Balloon Stories",60USD,in stock,wc_post_id_2189,,,1970-01-29T00:00+00:00/1970-01-30T23:59+00:00,60USD,new,published,,,,,,,
wc_post_id_2187,"Devil Balloon Character","Devil Balloon Character",https://balloonsd.com/wp-content/uploads/2020/12/horror-ballons-11.800x800.jpg,https://balloonsd.com/product/devil-balloon-character/,"Characters","Balloon Stories",60USD,in stock,wc_post_id_2187,,,1970-01-29T00:00+00:00/1970-01-30T23:59+00:00,60USD,new,published,,,,,,,
wc_post_id_2185,"Unicorn Balloon Character","Unicorn Balloon Character",https://balloonsd.com/wp-content/uploads/2020/12/figura-iz-sharov-edinorog.800x800.jpg,https://balloonsd.com/product/unicorn-balloon-character/,"Characters","Balloon Stories",60USD,in stock,wc_post_id_2185,,,1970-01-29T00:00+00:00/1970-01-30T23:59+00:00,60USD,new,published,,,,,,,
wc_post_id_2181,"Mickey Balloon Character","Mickey Balloon Character",https://balloonsd.com/wp-content/uploads/2020/12/71820835db0a0f8dd5005a7b822a18c2.jpg,https://balloonsd.com/product/mickey-balloon-character/,"Characters","Balloon Stories",60USD,in stock,wc_post_id_2181,,,1970-01-29T00:00+00:00/1970-01-30T23:59+00:00,60USD,new,published,,,,,,,
wc_post_id_2179,"Minnie Mouse Balloon Character With Bouquet","Minnie Mouse Balloon Character With Bouquet",https://balloonsd.com/wp-content/uploads/2020/12/figury-iz-sharov-minni-s-tsvetochkom.250x250.276x300.jpg,https://balloonsd.com/product/minnie-mouse-balloon-character-with-bouquet/,"Characters","Balloon Stories",60USD,in stock,wc_post_id_2179,,,1970-01-29T00:00+00:00/1970-01-30T23:59+00:00,60USD,new,published,,,,,,,
wc_post_id_2176,"Bee Balloon Character With Bouquet","Bee Balloon Character With Bouquet",https://balloonsd.com/wp-content/uploads/2020/12/41ttywCEZxL._SR400400_-3.jpg,https://balloonsd.com/product/bee-balloon-character-with-bouquet/,"Characters","Balloon Stories",60USD,in stock,wc_post_id_2176,,,1970-01-29T00:00+00:00/1970-01-30T23:59+00:00,60USD,new,published,,,,,,,
wc_post_id_2149,"44' Teenage Mutant Ninja Turtle Leonardo Airwalker Balloon","44' Teenage Mutant Ninja Turtle Leonardo Airwalker Balloon",https://balloonsd.com/wp-content/uploads/2020/12/41ttywCEZxL._SR400400_-2.jpg,https://balloonsd.com/product/44-teenage-mutant-ninja-turtle-leonardo-airwalker-balloon/,"Airwalkers","Balloon Stories",55USD,in stock,wc_post_id_2149,,,1970-01-29T00:00+00:00/1970-01-30T23:59+00:00,55USD,new,published,,,,,,,
wc_post_id_2141,"58' Frozen Elsa Anna & Olaf Airwalker Balloon","58' Frozen Elsa Anna & Olaf Airwalker Balloon",https://balloonsd.com/wp-content/uploads/2020/12/42242_star_wars_mandalorian_the_child_front.jpg,https://balloonsd.com/product/58-frozen-elsa-anna-olaf-airwalker-balloon/,"Airwalkers","Balloon Stories",65USD,in stock,wc_post_id_2141,,,1970-01-29T00:00+00:00/1970-01-30T23:59+00:00,65USD,new,published,,,,,,,
wc_post_id_2139,"75' Jake Airwalker Balloon","75' Jake Airwalker Balloon",https://balloonsd.com/wp-content/uploads/2020/12/4224-7.jpg,https://balloonsd.com/product/75-jake-airwalker-balloon/,"Airwalkers","Balloon Stories",65USD,in stock,wc_post_id_2139,,,1970-01-29T00:00+00:00/1970-01-30T23:59+00:00,65USD,new,published,,,,,,,
wc_post_id_2137,"82' Bugs Bunny Airwalker Balloon","82' Bugs Bunny Airwalker Balloon",https://balloonsd.com/wp-content/uploads/2020/12/4224-6.jpg,https://balloonsd.com/product/82-bugs-bunny-airwalker-balloon/,"Airwalkers","Balloon Stories",65USD,in stock,wc_post_id_2137,,,1970-01-29T00:00+00:00/1970-01-30T23:59+00:00,65USD,new,published,,,,,,,
wc_post_id_2133,"61' Tyrannosaurus Airwalker Balloon","61' Tyrannosaurus Airwalker Balloon",https://balloonsd.com/wp-content/uploads/2020/12/4224-5.jpg,https://balloonsd.com/product/61-tyrannosaurus-airwalker-balloon/,"Airwalkers","Balloon Stories",60USD,in stock,wc_post_id_2133,,,1970-01-29T00:00+00:00/1970-01-30T23:59+00:00,60USD,new,published,,,,,,,
wc_post_id_2131,"36' Spider-Man Airwalker Balloon","36' Spider-Man Airwalker Balloon",https://balloonsd.com/wp-content/uploads/2020/12/4224-4.jpg,https://balloonsd.com/product/36-spider-man-airwalker-balloon/,"Airwalkers","Balloon Stories",55USD,in stock,wc_post_id_2131,,,1970-01-29T00:00+00:00/1970-01-30T23:59+00:00,55USD,new,published,,,,,,,
wc_post_id_2127,"54' Paw Patrol Chase Airwalker Balloon","54' Paw Patrol Chase Airwalker Balloon",https://balloonsd.com/wp-content/uploads/2020/12/4224-3.jpg,https://balloonsd.com/product/54-paw-patrol-chase-airwalker-balloon/,"Airwalkers","Balloon Stories",55USD,in stock,wc_post_id_2127,,,1970-01-29T00:00+00:00/1970-01-30T23:59+00:00,55USD,new,published,,,,,,,
wc_post_id_2125,"54' Minnie Mouse Airwalker Balloon","54' Minnie Mouse Airwalker Balloon",https://balloonsd.com/wp-content/uploads/2020/12/4224-2.jpg,https://balloonsd.com/product/54-minnie-mouse-airwalker-balloon/,"Airwalkers","Balloon Stories",55USD,in stock,wc_post_id_2125,,,1970-01-29T00:00+00:00/1970-01-30T23:59+00:00,55USD,new,published,,,,,,,
wc_post_id_2123,"52' Mickey Airwalker Balloon","52' Mickey Airwalker Balloon",https://balloonsd.com/wp-content/uploads/2020/12/4224-1.jpg,https://balloonsd.com/product/52-mickey-airwalker-balloon/,"Airwalkers","Balloon Stories",55USD,in stock,wc_post_id_2123,,,1970-01-29T00:00+00:00/1970-01-30T23:59+00:00,55USD,new,published,,,,,,,
wc_post_id_2042,"46' Magical Unicorn Airwalker Balloon","46' Magical Unicorn Airwalker Balloon",https://balloonsd.com/wp-content/uploads/2020/12/4224.jpg,https://balloonsd.com/product/46-magical-unicorn-airwalker-balloon/,"Airwalkers","Balloon Stories",59USD,in stock,wc_post_id_2042,,,1970-01-29T00:00+00:00/1970-01-30T23:59+00:00,59USD,new,published,,,,,,,
wc_post_id_2039,"Printed 11' Disney Princess balloons","Color: Assortment of Pearl White, Pearl Lavender, Pearl Light Blue, Pearl Pink",https://balloonsd.com/wp-content/uploads/2020/12/41ttywCEZxL._SR400400_.jpg,https://balloonsd.com/product/printed-11-disney-princess/,"Latex Balloons","Balloon Stories",6USD,in stock,wc_post_id_2039,,,1970-01-29T00:00+00:00/1970-01-30T23:59+00:00,6USD,new,published,,,,,,,
wc_post_id_2029,"Printed 11' Pixar Cars balloons","Color: Assortment of Red, Pale Blue, Lime Green, Yellow",https://balloonsd.com/wp-content/uploads/2020/12/64012B.png,https://balloonsd.com/product/printed-11-pixar-cars-balloons/,"Latex Balloons","Balloon Stories",6USD,in stock,wc_post_id_2029,,,1970-01-29T00:00+00:00/1970-01-30T23:59+00:00,6USD,new,published,,,,,,,
1698_1698,"Christmas balloons decor with foil Candy canes, assorted latex balloons and foil cubes","The balloon decor includes: 
 
  Foil Cubes (3 pcs.) 24' 
  Foil Candy Canes (3pcs.) 28' 
  Organic Latex balloon decor ~2' lenght",https://balloonsd.com/wp-content/uploads/2020/11/p92.jpeg,https://balloonsd.com/product/christmas-candy/,"Bouquet Sets, Indoor","Balloon Stories",220USD,in stock,1698_1698,,"https://balloonsd.com/wp-content/uploads/2020/11/WhatsApp-Image-2020-11-19-at-5.32.46-PM-1-1.jpeg",1970-01-29T00:00+00:00/1970-01-30T23:59+00:00,220USD,new,published,,,,,,,
wc_post_id_1697,"Christmas tree","Christmas tree",https://balloonsd.com/wp-content/uploads/2020/12/p68-1.jpg,https://balloonsd.com/product/christmas-tree-2/,"Balloon Figures","Balloon Stories",490USD,in stock,wc_post_id_1697,,,1970-01-29T00:00+00:00/1970-01-30T23:59+00:00,490USD,new,staging,,,,,,,
wc_post_id_1696,"Christmas tree","Christmas tree",https://balloonsd.com/wp-content/uploads/2020/11/p91-1.jpeg,https://balloonsd.com/product/christmas-tree/,"Balloon Figures","Balloon Stories",890USD,in stock,wc_post_id_1696,,"https://balloonsd.com/wp-content/uploads/2020/11/WhatsApp-Image-2020-11-19-at-5.32.43-PM-1.jpeg",1970-01-29T00:00+00:00/1970-01-30T23:59+00:00,890USD,new,staging,,,,,,,
wc_post_id_1681,"Organic Balloon arch with foil Spheres, assorted latex balloons and circle balloons stand","The balloon arch includes: 
 
  Foil Spheres (4 pcs.) 22' 
  Bubble balloons (10pcs.) 12' 
  Organic Latex balloon arch ~10' lenght 
  Organic Latex balloon arch ~3' lenght 
  Circle arch Balloons stand - (1pcs.) 
  Stand Pedestal -(1pcs.) 
 
Colors may vary",https://balloonsd.com/wp-content/uploads/2020/12/p62-1.jpg,https://balloonsd.com/product/blue-white/,"Arches &amp; Garlands","Balloon Stories",790USD,in stock,wc_post_id_1681,,,1970-01-29T00:00+00:00/1970-01-30T23:59+00:00,790USD,new,published,,,,,,,
1683_1683,"Birthday balloon circle  Organic arch with 34″ number and assorted balloons in a circle","The balloon arch includes: 
 
  Foil numbers (1pcs.) 34″ 
  Organic Latex balloon arch 3,5' in diameter 
 
Colors may vary",https://balloonsd.com/wp-content/uploads/2020/12/p64-1.jpg,https://balloonsd.com/product/4/,"Arches &amp; Garlands","Balloon Stories",590USD,in stock,1683_1683,,,1970-01-29T00:00+00:00/1970-01-30T23:59+00:00,590USD,new,staging,,,,,,,
1681_1684,"Birthday bouquet with 34' numbers, bubble balloon and sphere","The balloon bouquet includes: 
 
  Foil numbers (2pcs.) 34' 
  Latex balloons (6pcs.) 11' 
  Bubble balloon (1pcs.) 18' 
  Sphere foil balloon (1pcs.) 22' 
 
Colors and bubble balloon filling may vary",https://balloonsd.com/wp-content/uploads/2020/12/p65-1.jpg,https://balloonsd.com/product/26/,"Bouquet Sets","Balloon Stories",189USD,in stock,1681_1684,,,1970-01-29T00:00+00:00/1970-01-30T23:59+00:00,189USD,new,published,,,,,,,
1658_1685,"Organic balloon arch with foil Flamingo, assorted latex balloons and foil fruits","The balloon arch includes: 
 
  Foil Flamingo (1 pcs.) 34' 
  Foil fruits (2pcs.) 18' 
  Organic Latex balloon arch ~10' lenght 
  Foil sphere- (3pcs.) 18' 
  Artificial flowers- (12pcs.) 
 
Colors may vary",https://balloonsd.com/wp-content/uploads/2020/12/p66-1.jpg,https://balloonsd.com/product/flamingo/,"Arches &amp; Garlands","Balloon Stories",249USD,in stock,1658_1685,,,1970-01-29T00:00+00:00/1970-01-30T23:59+00:00,249USD,new,published,,,,,,,
1686_1686,"Bouquet with helium latex balloons, foil dinusaur and bubble balloon","The balloon bouquet includes: 
 
  Helium foil dinosaur (1pcs.) 34″ 
  Helium latex balloons (4pcs.) 11″ 
  Helium foil heart  (1pcs.) 18″ 
  Helium bubble balloon (1pcs.) 18' 
 
Colors and bubble balloon filling may vary",https://balloonsd.com/wp-content/uploads/2020/12/p67-1.jpg,https://balloonsd.com/product/dinosaur-2/,"Bouquet Sets","Balloon Stories",159USD,in stock,1686_1686,,,1970-01-29T00:00+00:00/2038-01-17T23:59+00:00,129USD,new,staging,,,,,,,
1608_1680,"Organic Balloon arch with foil deer, assorted latex balloons and circle balloons stand","The balloon arch includes: 
 
  Foil deer (1 pcs.) 39' 
  Organic Latex balloon arch ~10' lenght 
  Organic Latex balloon arch ~3' lenght 
  Circle arch Balloons stand - (1pcs.) 
  Circle Stand Pedestal -(1pcs.) 
  Artificial flowers- (6pcs.) 
 
Colors  may vary",https://balloonsd.com/wp-content/uploads/2020/12/p61-1.jpg,https://balloonsd.com/product/deer/,"Arches &amp; Garlands","Balloon Stories",590USD,in stock,1608_1680,,,1970-01-29T00:00+00:00/1970-01-30T23:59+00:00,590USD,new,published,,,,,,,
1679_1679,"Organic Balloon arch with foil numbers, assorted latex balloons and bubbles balloons","The balloon arch includes: 
 
  Foil nambers (2pcs.) 34' 
  Organic Latex balloon arch (2pcs.)~6' lenght 
  Bubble balloons- (8pcs.) 18' 
  Artificial flowers- (12pcs.) 
 
Colors may vary",https://balloonsd.com/wp-content/uploads/2020/12/p60-1.jpg,https://balloonsd.com/product/12/,"Arches &amp; Garlands","Balloon Stories",590USD,in stock,1679_1679,,,1970-01-29T00:00+00:00/1970-01-30T23:59+00:00,590USD,new,published,,,,,,,
1663_1663,"Birthday bouquet with 34″ numbers, latex balloons, foil hearts and twisted decorations","The balloon bouquet includes: 
 
  Foil numbers (2pcs.) 34″ 
  Latex balloons filled with helium (5pcs.) 11″ 
  Twisted decorations (2pcs.) 
  Foil hearts (3pcs.) 
  latex balloons (20pcs.) 
 
Colors may vary",https://balloonsd.com/wp-content/uploads/2020/12/p51-1.jpg,https://balloonsd.com/product/14/,"Bouquet Sets","Balloon Stories",240USD,in stock,1663_1663,,,1970-01-29T00:00+00:00/1970-01-30T23:59+00:00,240USD,new,staging,,,,,,,
1664_1664,"Organic Balloon arch with foil bats, assorted balloons and circle balloons stand","The balloon arch includes: 
 
  Foil balloon (1pcs.) 18' 
  Foil bat (1 pcs.) 18' 
  Foil bat (1pcs.) 12' 
  Organic Latex balloon arch ~10' lenght 
  Organic Latex balloon arch ~3' lenght 
  Circle arch Balloons stand - (1pcs.) 
 
Colors  may vary",https://balloonsd.com/wp-content/uploads/2020/12/p52-1.jpg,https://balloonsd.com/product/bat/,"Arches &amp; Garlands","Balloon Stories",590USD,in stock,1664_1664,,,1970-01-29T00:00+00:00/1970-01-30T23:59+00:00,590USD,new,published,,,,,,,
1665_1665,"Organic arch with number, spheres, assorted latex balloons and stand","The balloon arch includes: 
 
  Foil Spheres (4 pcs.) 22' 
  Bubble balloons (3pcs.) 12' 
  Organic Latex balloon arch ~10' lenght 
  Circle arch Balloons stand (1pcs.) 
  Number (1pcs.)- 40' 
 
Colors may vary",https://balloonsd.com/wp-content/uploads/2020/12/p53-1.jpg,https://balloonsd.com/product/1-5/,"Arches &amp; Garlands","Balloon Stories",590USD,in stock,1665_1665,,,1970-01-29T00:00+00:00/1970-01-30T23:59+00:00,590USD,new,published,,,,,,,
1668_1666,"Bouquet with baby and baby stroller balloons","The balloon bouquet includes: 
 
  Helium foil baby (1pcs.) 34″ 
  Helium latex balloons (15pcs.) 11″ 
  Helium foil baby stroller (1pcs.) 35″ 
 
Colors  may vary",https://balloonsd.com/wp-content/uploads/2020/12/p55-1.jpg,https://balloonsd.com/product/baby-boy/,"Bouquet Sets","Balloon Stories",139USD,in stock,1668_1666,,,1970-01-29T00:00+00:00/1970-01-30T23:59+00:00,139USD,new,staging,,,,,,,
1667_1667,"Bouquet with helium foil unicorn and bubble balloon","The balloon bouquet includes: 
 
  Helium foil unicorn (1pcs.) 34″ 
  Helium latex balloons (10pcs.) 11″ 
  Helium bubble balloon (1pcs.) 18' 
 
Colors and bubble balloon filling may vary",https://balloonsd.com/wp-content/uploads/2020/11/p56-1.jpg,https://balloonsd.com/product/unicorn-2/,"Bouquet Sets","Balloon Stories",149USD,in stock,1667_1667,,,1970-01-29T00:00+00:00/1970-01-30T23:59+00:00,149USD,new,staging,,,,,,,
wc_post_id_1668,"Bouquet with pony and heart balloons","The balloon bouquet includes: 
 
  Foil walking pony (1pcs.) 46″ 
  Helium foil hearts (7pcs.) 18″ 
  Helium foil heart (1pcs.)  36″ 
 
Colors  may vary",https://balloonsd.com/wp-content/uploads/2020/12/p57-1.jpg,https://balloonsd.com/product/pony/,"Bouquet Sets, Airwalkers","Balloon Stories",149USD,in stock,wc_post_id_1668,,,1970-01-29T00:00+00:00/1970-01-30T23:59+00:00,149USD,new,staging,,,,,,,
1669_1669,"Bouquet with Mickey Mouse","The balloon bouquet includes: 
 
  Helium foil Mickey Mouse (1pcs.) 27″ 
  Helium latex balloons (14pcs.) 11″ 
 
Colors  may vary",https://balloonsd.com/wp-content/uploads/2020/11/p58-1-1.jpg,https://balloonsd.com/product/mickey-mouse-2/,"Bouquet Sets","Balloon Stories",99USD,in stock,1669_1669,,,1970-01-29T00:00+00:00/1970-01-30T23:59+00:00,99USD,new,staging,,,,,,,
1670_1670,"Bouquet with latex and Minion balloons","The balloon bouquet includes: 
 
  Helium Latex balloons (6pcs.) 11″ 
  Helium foil Minions (2pcs.) 25' 
 
Colors may vary",https://balloonsd.com/wp-content/uploads/2020/11/p59-1-1.jpg,https://balloonsd.com/product/minions/,"Bouquet Sets","Balloon Stories",119USD,in stock,1670_1670,,,1970-01-29T00:00+00:00/1970-01-30T23:59+00:00,119USD,new,staging,,,,,,,
wc_post_id_1662,"Organic arch with number and assorted balloons in a circle","The balloon arch includes: 
 
  Foil numbers (1pcs.) 34″ 
  Organic Latex balloon arch 3,5' in diameter 
  Foil stars-burst balloons (7pcs.) 27' 
  Helium latex balloons (3pcs.) 11' 
 
Colors may vary",https://balloonsd.com/wp-content/uploads/2020/12/p50-1.jpg,https://balloonsd.com/product/1-4/,"Arches &amp; Garlands","Balloon Stories",890USD,in stock,wc_post_id_1662,,,1970-01-29T00:00+00:00/1970-01-30T23:59+00:00,890USD,new,published,,,,,,,
1652_1652,"Organic arch with spheres, stars, assorted latex balloons and stand","The balloon arch includes: 
 
  Foil spheres (2pcs.) 22' 
  Foil Stars (2pcs.) 18' 
  Organic Latex balloon arch ~10' lenght 
  Stand Pedestal with balloons -(2pcs.) 
 
  
 
Colors  may vary",https://balloonsd.com/wp-content/uploads/2020/12/p49-1.jpg,https://balloonsd.com/product/candy-2/,"Arches &amp; Garlands","Balloon Stories",590USD,in stock,1652_1652,,,1970-01-29T00:00+00:00/1970-01-30T23:59+00:00,590USD,new,staging,,,,,,,
1646_1646,"Bouquet with number, panda and heart balloons","The balloon bouquet includes: 
 
  Helium foil number (1pcs.) 34' 
  Helium foil panda (1pcs.) 27″ 
  Helium latex balloons (12pcs.) 11″ 
  Helium foil hearts (2pcs.) 18' 
 
Colors  may vary",https://balloonsd.com/wp-content/uploads/2020/12/p43-1.jpg,https://balloonsd.com/product/panda/,"Bouquet Sets","Balloon Stories",129USD,in stock,1646_1646,,,1970-01-29T00:00+00:00/1970-01-30T23:59+00:00,129USD,new,staging,,,,,,,
1647_1647,"Bouquet with fish, octopus, sea stars and lobster balloons","The balloon bouquet includes: 
 
  Helium foil fish (2pcs.) 22″ 
  Helium foil octopus (1pcs.) 22″ 
  Helium foil lobster (1pcs.) 22″ 
  Foil fsea stars (2pcs.) 18″ 
  Helium latex balloons (13pcs.) 11″ 
  Latex balloons (10pcs.) 11″ 
 
Colors may vary",https://balloonsd.com/wp-content/uploads/2020/11/p44-1.jpg,https://balloonsd.com/product/sea-world-2/,"Bouquet Sets","Balloon Stories",149USD,in stock,1647_1647,,,1970-01-29T00:00+00:00/1970-01-30T23:59+00:00,149USD,new,staging,,,,,,,
1648_1648,"Bouquet with latex, rocking horse and heart balloons","The balloon bouquet includes: 
 
  Helium Latex balloons (5pcs.) 11″ 
  Foil  Rocking  Horse (1pcs.) 60' 
  Helium foil hearts (3pcs.) 18' 
 
Colors may vary",https://balloonsd.com/wp-content/uploads/2020/11/p45-1.jpg,https://balloonsd.com/product/rocking-pony/,"Bouquet Sets","Balloon Stories",129USD,in stock,1648_1648,,,1970-01-29T00:00+00:00/1970-01-30T23:59+00:00,129USD,new,published,,,,,,,
1649_1649,"Bouquet with toucan, palm, fruits and latex balloons","The balloon bouquet includes: 
 
  Helium foil Toucan (1pcs.) 40″ 
  Helium Latex balloons (14pcs.) 11″ 
  Helium foil  Palm (1pcs.) 33' 
  Helium foil  Cocktail (1pcs.) 40' 
  Helium foil  Pineapple (1pcs.) 31' 
 
Colors may vary",https://balloonsd.com/wp-content/uploads/2020/12/p46-1.jpg,https://balloonsd.com/product/heaven-bird/,"Bouquet Sets","Balloon Stories",149USD,in stock,1649_1649,,,1970-01-29T00:00+00:00/1970-01-30T23:59+00:00,149USD,new,published,,,,,,,
1650_1650,"Bouquet with number, latex, blaze and stars balloons","The balloon bouquet includes: 
 
  Helium foil number (1pcs.) 34″ 
  Helium Latex balloons (10pcs.) 11″ 
  Helium foil Blaze figure (1pcs.) 34' 
  Helium foil stars (2pcs.) 18' 
 
Colors may vary",https://balloonsd.com/wp-content/uploads/2020/11/p47-1.jpg,https://balloonsd.com/product/car/,"Bouquet Sets","Balloon Stories",100USD,in stock,1650_1650,,,1970-01-29T00:00+00:00/1970-01-30T23:59+00:00,100USD,new,published,,,,,,,
1651_1651,"Bouquet with unicorn, kitty, koala, ice cream and latex balloons","The balloon bouquet includes: 
 
  Helium Latex balloons (8pcs.) 11″ 
  Helium foil Ice cream (1pcs.) 34″ 
  Helium foil  koala (1pcs.) 27' 
  Helium foil stars (2pcs.) 18' 
  Helium foil Unicorn Kitty (1pcs.) 30' 
 
Colors may vary",https://balloonsd.com/wp-content/uploads/2020/12/p48-1.jpg,https://balloonsd.com/product/kitty-2/,"Bouquet Sets","Balloon Stories",149USD,in stock,1651_1651,,,1970-01-29T00:00+00:00/1970-01-30T23:59+00:00,149USD,new,published,,,,,,,
1645_1645,"Organic arch with candy canes, assorted latex, cube and circle balloons stand","The balloon arch includes: 
 
  Foil Cubes (3 pcs.) 24' 
  Foil Stars (2pcs.) 18' 
  Foil Candy Canes (2pcs.) 28' 
  Organic Latex balloon arch ~10' lenght 
  Circle arch Balloons stand - (1pcs.) 
 
  
 
Colors  may vary",https://balloonsd.com/wp-content/uploads/2020/12/p42-1.jpg,https://balloonsd.com/product/candy/,"Arches &amp; Garlands","Balloon Stories",690USD,in stock,1645_1645,,,1970-01-29T00:00+00:00/1970-01-30T23:59+00:00,690USD,new,published,,,,,,,
1644_1644,"Bouquet with latex, ladybug and heart balloons","The balloon bouquet includes: 
 
  Helium Latex balloons (12pcs.) 11″ 
  Helium foil  Ladybug heart (2pcs.) 18' 
  Helium foil  Ladybug figure (1pcs.) 34' 
  Helium foil hearts (2pcs.) 18' 
 
Colors may vary",https://balloonsd.com/wp-content/uploads/2020/11/p41-1.jpg,https://balloonsd.com/product/super-family/,"Bouquet Sets","Balloon Stories",149USD,in stock,1644_1644,,,1970-01-29T00:00+00:00/1970-01-30T23:59+00:00,149USD,new,published,,,,,,,
wc_post_id_1626,"Bouquet with number, latex and dinosaur balloons","The balloon bouquet includes: 
 
  Helium foil number (1pcs.) 34″ 
  Helium latex balloons (8pcs.) 11″ 
  Helium foil balloon (1pcs.) 18″ 
  Helium foil dinosaur  (1pcs.) 22″ 
 
Colors may vary",https://balloonsd.com/wp-content/uploads/2020/12/p32-1.jpg,https://balloonsd.com/product/3/,"Bouquet Sets","Balloon Stories",99USD,in stock,wc_post_id_1626,,,1970-01-29T00:00+00:00/1970-01-30T23:59+00:00,99USD,new,staging,,,,,,,
1627_1627,"Bouquet with bottle, cup ,heart and latex balloons","The balloon bouquet includes: 
 
  Foil balloons (2pcs.) 18″ 
  Latex balloons ( 34 pcs.) 11″ 
  Foil bottle (1pcs.) 40' 
  Foil Cup (1pcs.) 40' 
  Foil Heart (1pcs.) 32' 
 
Colors may vary",https://balloonsd.com/wp-content/uploads/2020/12/p33-1.jpg,https://balloonsd.com/product/heart/,"Bouquet Sets","Balloon Stories",149USD,in stock,1627_1627,,,1970-01-29T00:00+00:00/1970-01-30T23:59+00:00,149USD,new,published,,,,,,,
wc_post_id_1628,"Bouquet with airwalker unicorn,  latex, rainbow and butterfly balloons","The balloon bouquet includes: 
 
  Helium Latex balloons (12pcs.) 11″ 
  Helium foil Sphere (2 pcs.) 16' 
  Helium Bubble ballon (1 pcs.) 20' 
  Helium foil Rainbow (1 pcs.) 20' 
  Helium foil Butterfly (1 pcs.) 30' 
  Foil airwalker Unicorn (1pcs.) 46' 
  Foil airwalker Unicorn (1pcs.) 25' 
 
  
 
Colors may vary",https://balloonsd.com/wp-content/uploads/2020/12/p34-1.jpg,https://balloonsd.com/product/unicorn-butterfly-rainbow/,"Bouquet Sets, Airwalkers","Balloon Stories",320USD,in stock,wc_post_id_1628,,,1970-01-29T00:00+00:00/1970-01-30T23:59+00:00,320USD,new,published,,,,,,,
1629_1629,"Bouquet with number, latex, stars balloons and airwalker Mickey Mouse","The balloon bouquet includes: 
 
  Helium foil number (1pcs.) 34″ 
  Helium Latex balloons (20pcs.) 11″ 
  Helium foil Airwalker Mickey Mouse figure (1pcs.) 52' 
  Helium foil Stars (6pcs.) 18' 
  Foil Star burst balloons  (2 pcs.)-27' 
 
Colors may vary",https://balloonsd.com/wp-content/uploads/2020/12/p35-1.jpg,https://balloonsd.com/product/mickey-mouse/,"Bouquet Sets, Airwalkers","Balloon Stories",320USD,in stock,1629_1629,,,1970-01-29T00:00+00:00/1970-01-30T23:59+00:00,320USD,new,published,,,,,,,
1630_1630,"Bouquet with airwalker Elsa, latex and starpoint balloons","The balloon bouquet includes: 
 
  Helium foil heart (2pcs.) 18″ 
  Helium Latex balloons (8pcs.) 11″ 
  Helium foil Starpoint (1pcs.) 36' 
  Foil Airwalker Elsa (1pcs.) 57' 
 
Colors may vary",https://balloonsd.com/wp-content/uploads/2020/12/p36-1.jpg,https://balloonsd.com/product/frozen-2/,"Bouquet Sets, Airwalkers","Balloon Stories",149USD,in stock,1630_1630,,,1970-01-29T00:00+00:00/1970-01-30T23:59+00:00,149USD,new,published,,,,,,,
1631_1631,"Bouquet with number, latex and foil blaze balloons","The balloon bouquet includes: 
 
  Helium foil number (1pcs.) 34″ 
  Helium Latex balloons (6pcs.) 11″ 
  Helium foil Blaze figure (1pcs.) 34' 
 
Colors may vary",https://balloonsd.com/wp-content/uploads/2020/11/p37-1.jpg,https://balloonsd.com/product/6/,"Bouquet Sets","Balloon Stories",89USD,in stock,1631_1631,,,1970-01-29T00:00+00:00/1970-01-30T23:59+00:00,89USD,new,staging,,,,,,,
1632_1632,"Bouquet with latex and foil monsters balloons","The balloon bouquet includes: 
 
  Helium foil Monsters (2pcs.) 34″ 
  Helium Latex balloons (10pcs.) 11″ 
 
Colors may vary",https://balloonsd.com/wp-content/uploads/2020/11/p38-1.jpg,https://balloonsd.com/product/monsters/,"Bouquet Sets","Balloon Stories",89USD,in stock,1632_1632,,,1970-01-29T00:00+00:00/1970-01-30T23:59+00:00,89USD,new,published,,,,,,,
1607_1607,"Bouquet with numbers, latex and foil heart balloons","The balloon bouquet includes: 
 
  Foil numbers (2pcs.) 34″ 
  Latex helium balloons (4pcs.) 11' 
  Heart foil balloons (5pcs.) 18″ 
  Latex balloons (20psc.) 11' 
 
Colors  may vary",https://balloonsd.com/wp-content/uploads/2020/11/p31-1.jpg,https://balloonsd.com/product/18/,"Bouquet Sets","Balloon Stories",129USD,in stock,1607_1607,,,1970-01-29T00:00+00:00/1970-01-30T23:59+00:00,129USD,new,staging,,,,,,,
1597_1597,"Birthday bouquet with bubble balloon and helium foil balloons","The balloon bouquet includes: 
 
  Helium latex balloons (10pcs.) 11″ 
  Helium foil figure balloons (2pcs.) 22' 
  Helium bubble balloon (1pcs.) 20' 
  Helium foil balloons (5pcs.) 18' 
 
Colors may vary",https://balloonsd.com/wp-content/uploads/2020/12/p21-1.jpg,https://balloonsd.com/product/stroller/,"Bouquet Sets","Balloon Stories",179USD,in stock,1597_1597,,,1970-01-29T00:00+00:00/1970-01-30T23:59+00:00,179USD,new,staging,,,,,,,
1598_1598,"Bouquet with heliun foil kitty, helium latex and foil balloons","The balloon bouquet includes: 
 
  Helium Latex balloons (14pcs.) 11″ 
  Helium foil balloons (1pcs.) 18″ 
  Helium foil kitty balloon (1pcs.) 22' 
  Helium foil  balloon (3pcs.) 22' 
  Helium foil star (1pcs.) 16' 
  Helium foil hearts (4pcs.) 16' 
 
Colors may vary",https://balloonsd.com/wp-content/uploads/2020/11/p22-1.jpg,https://balloonsd.com/product/kitty/,"Bouquet Sets","Balloon Stories",179USD,in stock,1598_1598,,,1970-01-29T00:00+00:00/1970-01-30T23:59+00:00,179USD,new,staging,,,,,,,
1599_1599,"Bouquet with number, latex, foil animal, bubble and foil balloons","The balloon bouquet includes: 
 
  Foil numbers (1pcs.) 34″ 
  Latex balloons (8pcs.) 11″ 
  Bubble balloon (2pcs.) 12″ 
  Foil balloons (2pcs.) 18″ 
  Foil animal balloons (2pcs.) 22' 
  Foil animal balloons (1pcs.) 30' 
 
Colors and bubble balloon filling may vary",https://balloonsd.com/wp-content/uploads/2020/12/p23-1.jpg,https://balloonsd.com/product/1/,"Bouquet Sets","Balloon Stories",189USD,in stock,1599_1599,,,1970-01-29T00:00+00:00/1970-01-30T23:59+00:00,189USD,new,staging,,,,,,,
1600_1600,"Bouquet with numbers, bubble and foil star balloons","The balloon bouquet includes: 
 
  Foil numbers (1pcs.) 34″ 
  Latex balloons (12pcs.) 11″ 
  Bubble balloon (1pcs.) 18″ 
  Star foil balloons (4pcs.) 18″ 
 
Colors and bubble balloon filling may vary",https://balloonsd.com/wp-content/uploads/2020/12/p24-1.jpg,https://balloonsd.com/product/1-2/,"Bouquet Sets","Balloon Stories",189USD,in stock,1600_1600,,,1970-01-29T00:00+00:00/1970-01-30T23:59+00:00,189USD,new,staging,,,,,,,
1601_1601,"Bouquet with number, latex and foil animal balloons","The balloon bouquet includes: 
 
  Foil numbers (1pcs.) 34″ 
  Latex balloons (10pcs.) 11″ 
  Foil animal balloons (2pcs.) 22' 
  Latex balloons (10pcs.) 11' 
  Latex balloons (20pcs.) 5' 
 
Colors may vary",https://balloonsd.com/wp-content/uploads/2020/12/p25-1.jpg,https://balloonsd.com/product/2/,"Bouquet Sets","Balloon Stories",149USD,in stock,1601_1601,,,1970-01-29T00:00+00:00/1970-01-30T23:59+00:00,149USD,new,staging,,,,,,,
1628_1602,"Bouquet with number, latex, foil animal and star balloons","The balloon bouquet includes: 
 
  Foil numbers (1pcs.) 34″ 
  Latex balloons (6pcs.) 11″ 
  Helium foil animal balloons (2pcs.) 22' 
  Helium foil star (1pcs.) 18' 
 
Colors may vary",https://balloonsd.com/wp-content/uploads/2020/11/p26-1.jpg,https://balloonsd.com/product/1-3/,"Bouquet Sets","Balloon Stories",119USD,in stock,1628_1602,,,1970-01-29T00:00+00:00/1970-01-30T23:59+00:00,119USD,new,staging,,,,,,,
1603_1603,"Bouquet with number, latex and animal paw patrol balloons","The balloon bouquet includes: 
 
  Foil numbers (1pcs.) 34″ 
  Latex balloons (6pcs.) 11″ 
  Foil balloons (1pcs.) 18″ 
  Foil paw potrol balloon (1pcs.) 34' 
 
Colors may vary",https://balloonsd.com/wp-content/uploads/2020/11/p27-1-1.jpg,https://balloonsd.com/product/doggy/,"Bouquet Sets","Balloon Stories",149USD,in stock,1603_1603,,,1970-01-29T00:00+00:00/1970-01-30T23:59+00:00,149USD,new,staging,,,,,,,
1604_1604,"Bouquet with ring, hearts and bubble balloons","The balloon bouquet includes: 
 
  Helium foil ring (1pcs.) 34″ 
  Helium latex balloons (6pcs.) 11″ 
  Helium foil hearts (3pcs.) 18″ 
  Helium foil heart (1pcs.) 34″ 
  Helium bubble balloon (1pcs.) 18' 
 
Colors and bubble balloon filling may vary",https://balloonsd.com/wp-content/uploads/2020/12/p28-1.jpg,https://balloonsd.com/product/ring/,"Bouquet Sets","Balloon Stories",189USD,in stock,1604_1604,,,1970-01-29T00:00+00:00/1970-01-30T23:59+00:00,189USD,new,staging,,,,,,,
1605_1605,"Bouquet with numbers, foil and latex balloons","The balloon bouquet includes: 
 
  Foil numbers (2pcs.) 34″ 
  Latex  helium balloons (16pcs.) 11″ 
  Helium foil balloons (2pcs.) 18″ 
 
Colors may vary",https://balloonsd.com/wp-content/uploads/2020/12/p29-1.jpg,https://balloonsd.com/product/30/,"Bouquet Sets","Balloon Stories",189USD,in stock,1605_1605,,,1970-01-29T00:00+00:00/1970-01-30T23:59+00:00,189USD,new,staging,,,,,,,
1606_1606,"Bouquet with dinosaurs, stars and latex balloons","The balloon bouquet includes: 
 
  Latex balloons (8pcs.) 11″ 
  Helium foil star (1pcs.) 18″ 
  Helium foil dinosaurs  (2pcs.) 22' 
 
Colors may vary",https://balloonsd.com/wp-content/uploads/2020/11/p30-1.jpg,https://balloonsd.com/product/dinosaur/,"Bouquet Sets","Balloon Stories",119USD,in stock,1606_1606,,,1970-01-29T00:00+00:00/1970-01-30T23:59+00:00,119USD,new,staging,,,,,,,
1593_1593,"Bouquet with numbers and  latex balloons","The balloon bouquet includes: 
 
  Foil numbers (2pcs.) 34″ 
  Helium latex  balloons (14pcs.) 11' 
 
Colors  may vary",https://balloonsd.com/wp-content/uploads/2020/12/p17-1.jpg,https://balloonsd.com/product/55/,"Bouquet Sets","Balloon Stories",129USD,in stock,1593_1593,,,1970-01-29T00:00+00:00/1970-01-30T23:59+00:00,129USD,new,staging,,,,,,,
1594_1594,"Bouquet with numbers, stars and foil superhero balloons","The balloon bouquet includes: 
 
  Foil numbers (2pcs.) 34″ 
  Helium latex  balloons (10pcs.) 11' 
  Helium foil superhero balloons (2pcs.) 22″ 
  Helium foil stars (2pcs.) 18″ 
 
Colors  may vary",https://balloonsd.com/wp-content/uploads/2020/11/p18-1.jpg,https://balloonsd.com/product/28/,"Bouquet Sets","Balloon Stories",149USD,in stock,1594_1594,,,1970-01-29T00:00+00:00/1970-01-30T23:59+00:00,149USD,new,staging,,,,,,,
1595_1595,"Bouquet with numbers, latex and foil star balloons","The balloon bouquet includes: 
 
  Foil numbers (2pcs.) 34″ 
  Helium latex  balloons (10pcs.) 11' 
  Helium foil stars (2pcs.) 18″ 
 
Colors  may vary",https://balloonsd.com/wp-content/uploads/2020/11/p19-1.jpg,https://balloonsd.com/product/22/,"Bouquet Sets","Balloon Stories",149USD,in stock,1595_1595,,,1970-01-29T00:00+00:00/1970-01-30T23:59+00:00,149USD,new,staging,,,,,,,
1596_1596,"Bouquet with numbers, latex, foil lips, lipstick and bottle balloons","The balloon bouquet includes: 
 
  Helium foil number (2pcs.) 34″ 
  Helium Latex balloons (14pcs.) 11″ 
  Helium foil Diamonds (2 pcs.) 16' 
  Helium foil Lips (1 pcs.) 30' 
  Helium foil Bottle (1 pcs.) 36' 
  Helium foil Lipstick(2 pcs.) 16' 
 
Colors may vary",https://balloonsd.com/wp-content/uploads/2020/11/p20-1-1.jpg,https://balloonsd.com/product/9/,"Bouquet Sets","Balloon Stories",220USD,in stock,1596_1596,,,1970-01-29T00:00+00:00/1970-01-30T23:59+00:00,220USD,new,staging,,,,,,,
1582_1582,"Bouquet with helium foil spiderman and helium latex balloons","The balloon bouquet includes: 
 
  Helium latex  balloons (8pcs.) 11' 
  Helium foil  spiderman figure (1pcs.) 22″ 
 
Colors may vary",https://balloonsd.com/wp-content/uploads/2020/12/p6-1.jpg,https://balloonsd.com/product/spider-man/,"Bouquet Sets","Balloon Stories",79USD,in stock,1582_1582,,,1970-01-29T00:00+00:00/1970-01-30T23:59+00:00,79USD,new,staging,,,,,,,
wc_post_id_1584,"Bouquet with number, latex, raccoon and bunny balloons","The balloon bouquet includes: 
 
  Helium foil number (1pcs.) 34″ 
  Helium Latex balloons (6pcs.) 10″ 
  Helium foil Sphere (1pcs.) 18' 
  Helium foil Raccoon (1pcs.) 36' 
  Helium foil Bunny (1pcs.) 36' 
 
Colors may vary",https://balloonsd.com/wp-content/uploads/2020/12/p8-1.jpg,https://balloonsd.com/product/raccoon-hare/,"Bouquet Sets","Balloon Stories",159USD,in stock,wc_post_id_1584,,,1970-01-29T00:00+00:00/1970-01-30T23:59+00:00,159USD,new,published,,,,,,,
1585_1585,"Bouquet with numbers, latex and foil animals balloons","The balloon bouquet includes: 
 
  Foil numbers (1pcs.) 34″ 
  Helium latex  balloons (9pcs.) 11' 
  Helium foil animals (2pcs.) 18″ 
  Latex balloons (20 pcs.) 5' 
 
Colors  may vary",https://balloonsd.com/wp-content/uploads/2020/12/p9-1.jpg,https://balloonsd.com/product/hedgehog-squirrel/,"Bouquet Sets","Balloon Stories",119USD,in stock,1585_1585,,,1970-01-29T00:00+00:00/1970-01-30T23:59+00:00,119USD,new,staging,,,,,,,
1568_1586,"Bouquet with  helium latex kittens and helium bubble balloon","The balloon bouquet includes: 
 
  Helium latex  balloons (6pcs.) 11' 
  Helium bubble balloon (1pcs.) 18″ 
 
Colors and bubble balloon filling may vary",https://balloonsd.com/wp-content/uploads/2020/12/p10-1.jpg,https://balloonsd.com/product/kittens/,"Bouquet Sets","Balloon Stories",119USD,in stock,1568_1586,,,1970-01-29T00:00+00:00/1970-01-30T23:59+00:00,119USD,new,staging,,,,,,,
1587_1587,"Bouquet with latex and foil cat balloons","The balloon bouquet includes: 
 
  Foil cat (1pcs.) 22″ 
  Helium latex balloons (10pcs.) 11″ 
 
Colors  may vary",https://balloonsd.com/wp-content/uploads/2020/12/p11-1.jpg,https://balloonsd.com/product/cat/,"Bouquet Sets","Balloon Stories",89USD,in stock,1587_1587,,,1970-01-29T00:00+00:00/1970-01-30T23:59+00:00,89USD,new,staging,,,,,,,
1589_1589,"Bouquet with Star Wars and latex balloons","The balloon bouquet includes: 
 
  Helium latex  balloons (9pcs.) 11' 
  Helium foil figure (1pcs.) 22″ 
  Walking foil Star wars figure (1pcs.) 45' 
 
Colors  may vary",https://balloonsd.com/wp-content/uploads/2020/12/p13-1.jpg,https://balloonsd.com/product/star-wars/,"Bouquet Sets, Airwalkers","Balloon Stories",189USD,in stock,1589_1589,,,1970-01-29T00:00+00:00/1970-01-30T23:59+00:00,189USD,new,staging,,,,,,,
1590_1590,"Bouquet with bubble and foil balloons","The balloon bouquet includes: 
 
  Helium latex balloons (12pcs.) 11″ 
  Helium foil  balloons (4pcs.) 18' 
  Helium bubble balloon (2 pcs.) 12' 
  Helium latex balloon (1pcs.) 36' 
 
Colors may vary",https://balloonsd.com/wp-content/uploads/2020/12/p14-1.jpg,https://balloonsd.com/product/black-yellow/,"Bouquet Sets","Balloon Stories",149USD,in stock,1590_1590,,,1970-01-29T00:00+00:00/1970-01-30T23:59+00:00,149USD,new,staging,,,,,,,
1591_1591,"Bouquet with ring, bottle, diamond and bubble balloon","The balloon bouquet includes: 
 
  Helium foil ring (1pcs.) 34″ 
  Helium latex balloons (6pcs.) 11″ 
  Helium diamond (1pcs.) 18″ 
  Helium foil bottle (1pcs.) 18″ 
  Helium bubble balloon (1pcs.) 18' 
 
Colors and bubble balloon filling may vary",https://balloonsd.com/wp-content/uploads/2020/12/p15-1.jpg,https://balloonsd.com/product/diamond/,"Bouquet Sets","Balloon Stories",149USD,in stock,1591_1591,,,1970-01-29T00:00+00:00/1970-01-30T23:59+00:00,149USD,new,staging,,,,,,,
1592_1592,"Bouquet with unicorn, stars and latex balloons","The balloon bouquet includes: 
 
  Helium latex  balloons (4pcs.) 11' 
  Helium foil unicorn (1pcs.) 22' 
  Helium foil star (1pcs.) 18″ 
  Helium foil harts (2pcs.) 18″ 
 
Colors  may vary",https://balloonsd.com/wp-content/uploads/2020/12/p16-1.jpg,https://balloonsd.com/product/unicorn/,"Bouquet Sets","Balloon Stories",119USD,in stock,1592_1592,,,1970-01-29T00:00+00:00/1970-01-30T23:59+00:00,119USD,new,staging,,,,,,,
1588_1588,"Bouquet with star, bubble and mermaid balloons","The balloon bouquet includes: 
 
  Helium foil star (1pcs.) 18″ 
  Helium latex  balloons ( 7pcs.) 11' 
  Helium foil mermaid (1pcs.) 18″ 
  Helium bubble balloon (1pcs.) 12' 
 
Colors and bubble balloon filling may vary",https://balloonsd.com/wp-content/uploads/2020/11/p12-1.jpg,https://balloonsd.com/product/mermaid/,"Bouquet Sets","Balloon Stories",119USD,in stock,1588_1588,,,1970-01-29T00:00+00:00/1970-01-30T23:59+00:00,119USD,new,published,,,,,,,
wc_post_id_1578,"Birthday bouquet with 2 fountains and dragon","The balloon bouquet includes: 
 
  Foil dragon (1pcs.) 30″ 
  Latex balloons (14pcs.) 11″ 
 
Colors may vary",https://balloonsd.com/wp-content/uploads/2020/11/p2-1.jpg,https://balloonsd.com/product/dragon/,"Bouquet Sets","Balloon Stories",119USD,in stock,wc_post_id_1578,,,1970-01-29T00:00+00:00/1970-01-30T23:59+00:00,119USD,new,published,,,,,,,
wc_post_id_1581,"Happy birthday LOL Barbie bouquet with number","The balloon bouquet includes: 
 
  Foil Number (1-2pcs.) 34″ 
  Foil girl figure (1pcs.) 30″ 
  Latex balloons (16pcs.) 11″ 
 
Colors may vary",https://balloonsd.com/wp-content/uploads/2020/12/p5-1.jpg,https://balloonsd.com/product/lol-barbie/,"Bouquet Sets","Balloon Stories",129USD,in stock,wc_post_id_1581,,,1970-01-29T00:00+00:00/1970-01-30T23:59+00:00,129USD,new,published,,,,,,,
wc_post_id_1580,"Frozen style bouquet with 2 fountains","The balloon bouquet includes: 
 
  Foil Frozen figure (1pcs.) 60″ 
  Foil animal figure (1pcs.) 30″ 
  Latex balloons (16pcs.) 11″ 
 
Colors may vary",https://balloonsd.com/wp-content/uploads/2020/12/p4-1.jpg,https://balloonsd.com/product/frozen/,"Bouquet Sets","Balloon Stories",159USD,in stock,wc_post_id_1580,,,1970-01-29T00:00+00:00/1970-01-30T23:59+00:00,159USD,new,published,,,,,,,
wc_post_id_1579,"Sea world bouquet with fish, sea star and octopus","The balloon bouquet includes: 
 
  Foil sea animals (3pcs.) 30″ 
  Latex balloons (10pcs.) 11″ 
 
Colors may vary",https://balloonsd.com/wp-content/uploads/2020/12/p3-1.jpg,https://balloonsd.com/product/sea-world/,"Bouquet Sets","Balloon Stories",139USD,in stock,wc_post_id_1579,,,1970-01-29T00:00+00:00/1970-01-30T23:59+00:00,139USD,new,published,,,,,,,
